image_paths;group
../../subset_evaluation/adm/ai_peacock/84_adm_0.PNG;ai_peacock
../../subset_evaluation/adm/ai_peacock/84_adm_1.PNG;ai_peacock
../../subset_evaluation/adm/ai_peacock/84_adm_10.PNG;ai_peacock
../../subset_evaluation/adm/ai_peacock/84_adm_100.PNG;ai_peacock
../../subset_evaluation/adm/ai_peacock/84_adm_101.PNG;ai_peacock
../../subset_evaluation/adm/ai_peacock/84_adm_102.PNG;ai_peacock
../../subset_evaluation/adm/ai_peacock/84_adm_104.PNG;ai_peacock
../../subset_evaluation/adm/ai_peacock/84_adm_105.PNG;ai_peacock
../../subset_evaluation/adm/ai_peacock/84_adm_106.PNG;ai_peacock
../../subset_evaluation/adm/ai_peacock/84_adm_107.PNG;ai_peacock
../../subset_evaluation/adm/ai_peacock/84_adm_108.PNG;ai_peacock
../../subset_evaluation/adm/ai_peacock/84_adm_109.PNG;ai_peacock
../../subset_evaluation/adm/ai_peacock/84_adm_11.PNG;ai_peacock
../../subset_evaluation/adm/ai_peacock/84_adm_110.PNG;ai_peacock
../../subset_evaluation/adm/ai_peacock/84_adm_111.PNG;ai_peacock
../../subset_evaluation/adm/ai_peacock/84_adm_112.PNG;ai_peacock
../../subset_evaluation/adm/ai_peacock/84_adm_113.PNG;ai_peacock
../../subset_evaluation/adm/ai_peacock/84_adm_114.PNG;ai_peacock
../../subset_evaluation/adm/ai_peacock/84_adm_115.PNG;ai_peacock
../../subset_evaluation/adm/ai_peacock/84_adm_116.PNG;ai_peacock
../../subset_evaluation/adm/ai_peacock/84_adm_117.PNG;ai_peacock
../../subset_evaluation/adm/ai_peacock/84_adm_118.PNG;ai_peacock
../../subset_evaluation/adm/ai_peacock/84_adm_12.PNG;ai_peacock
../../subset_evaluation/adm/ai_peacock/84_adm_120.PNG;ai_peacock
../../subset_evaluation/adm/ai_peacock/84_adm_121.PNG;ai_peacock
../../subset_evaluation/adm/ai_peacock/84_adm_122.PNG;ai_peacock
../../subset_evaluation/adm/ai_peacock/84_adm_123.PNG;ai_peacock
../../subset_evaluation/adm/ai_peacock/84_adm_124.PNG;ai_peacock
../../subset_evaluation/adm/ai_peacock/84_adm_125.PNG;ai_peacock
../../subset_evaluation/adm/ai_peacock/84_adm_126.PNG;ai_peacock
../../subset_evaluation/adm/ai_peacock/84_adm_127.PNG;ai_peacock
../../subset_evaluation/adm/ai_peacock/84_adm_128.PNG;ai_peacock
../../subset_evaluation/adm/ai_peacock/84_adm_13.PNG;ai_peacock
../../subset_evaluation/adm/ai_peacock/84_adm_130.PNG;ai_peacock
../../subset_evaluation/adm/ai_peacock/84_adm_131.PNG;ai_peacock
../../subset_evaluation/adm/ai_peacock/84_adm_132.PNG;ai_peacock
../../subset_evaluation/adm/ai_peacock/84_adm_133.PNG;ai_peacock
../../subset_evaluation/adm/ai_peacock/84_adm_134.PNG;ai_peacock
../../subset_evaluation/adm/ai_peacock/84_adm_135.PNG;ai_peacock
../../subset_evaluation/adm/ai_peacock/84_adm_136.PNG;ai_peacock
../../subset_evaluation/adm/ai_peacock/84_adm_137.PNG;ai_peacock
../../subset_evaluation/adm/ai_peacock/84_adm_138.PNG;ai_peacock
../../subset_evaluation/adm/ai_peacock/84_adm_139.PNG;ai_peacock
../../subset_evaluation/adm/ai_peacock/84_adm_14.PNG;ai_peacock
../../subset_evaluation/adm/ai_peacock/84_adm_140.PNG;ai_peacock
../../subset_evaluation/adm/ai_peacock/84_adm_141.PNG;ai_peacock
../../subset_evaluation/adm/ai_peacock/84_adm_142.PNG;ai_peacock
../../subset_evaluation/adm/ai_peacock/84_adm_143.PNG;ai_peacock
../../subset_evaluation/adm/ai_peacock/84_adm_144.PNG;ai_peacock
../../subset_evaluation/adm/ai_peacock/84_adm_145.PNG;ai_peacock
../../subset_evaluation/adm/ai_peacock/84_adm_146.PNG;ai_peacock
../../subset_evaluation/adm/ai_peacock/84_adm_147.PNG;ai_peacock
../../subset_evaluation/adm/ai_peacock/84_adm_148.PNG;ai_peacock
../../subset_evaluation/adm/ai_peacock/84_adm_149.PNG;ai_peacock
../../subset_evaluation/adm/ai_peacock/84_adm_15.PNG;ai_peacock
../../subset_evaluation/adm/ai_peacock/84_adm_152.PNG;ai_peacock
../../subset_evaluation/adm/ai_peacock/84_adm_153.PNG;ai_peacock
../../subset_evaluation/adm/ai_peacock/84_adm_154.PNG;ai_peacock
../../subset_evaluation/adm/ai_peacock/84_adm_155.PNG;ai_peacock
../../subset_evaluation/adm/ai_peacock/84_adm_156.PNG;ai_peacock
../../subset_evaluation/adm/ai_peacock/84_adm_157.PNG;ai_peacock
../../subset_evaluation/adm/ai_peacock/84_adm_159.PNG;ai_peacock
../../subset_evaluation/adm/ai_peacock/84_adm_16.PNG;ai_peacock
../../subset_evaluation/adm/ai_peacock/84_adm_161.PNG;ai_peacock
../../subset_evaluation/adm/ai_peacock/84_adm_162.PNG;ai_peacock
../../subset_evaluation/adm/ai_peacock/84_adm_163.PNG;ai_peacock
../../subset_evaluation/adm/ai_peacock/84_adm_164.PNG;ai_peacock
../../subset_evaluation/adm/ai_peacock/84_adm_165.PNG;ai_peacock
../../subset_evaluation/adm/ai_peacock/84_adm_166.PNG;ai_peacock
../../subset_evaluation/adm/ai_peacock/84_adm_168.PNG;ai_peacock
../../subset_evaluation/adm/ai_peacock/84_adm_17.PNG;ai_peacock
../../subset_evaluation/adm/ai_peacock/84_adm_171.PNG;ai_peacock
../../subset_evaluation/adm/ai_peacock/84_adm_172.PNG;ai_peacock
../../subset_evaluation/adm/ai_peacock/84_adm_173.PNG;ai_peacock
../../subset_evaluation/adm/ai_peacock/84_adm_174.PNG;ai_peacock
../../subset_evaluation/adm/ai_peacock/84_adm_175.PNG;ai_peacock
../../subset_evaluation/adm/ai_peacock/84_adm_176.PNG;ai_peacock
../../subset_evaluation/adm/ai_peacock/84_adm_177.PNG;ai_peacock
../../subset_evaluation/adm/ai_peacock/84_adm_178.PNG;ai_peacock
../../subset_evaluation/adm/ai_peacock/84_adm_179.PNG;ai_peacock
../../subset_evaluation/adm/ai_peacock/84_adm_18.PNG;ai_peacock
../../subset_evaluation/adm/ai_peacock/84_adm_180.PNG;ai_peacock
../../subset_evaluation/adm/ai_peacock/84_adm_181.PNG;ai_peacock
../../subset_evaluation/adm/ai_peacock/84_adm_182.PNG;ai_peacock
../../subset_evaluation/adm/ai_peacock/84_adm_183.PNG;ai_peacock
../../subset_evaluation/adm/ai_peacock/84_adm_184.PNG;ai_peacock
../../subset_evaluation/adm/ai_peacock/84_adm_185.PNG;ai_peacock
../../subset_evaluation/adm/ai_peacock/84_adm_186.PNG;ai_peacock
../../subset_evaluation/adm/ai_peacock/84_adm_187.PNG;ai_peacock
../../subset_evaluation/adm/ai_peacock/84_adm_188.PNG;ai_peacock
../../subset_evaluation/adm/ai_peacock/84_adm_189.PNG;ai_peacock
../../subset_evaluation/adm/ai_peacock/84_adm_19.PNG;ai_peacock
../../subset_evaluation/adm/ai_peacock/84_adm_190.PNG;ai_peacock
../../subset_evaluation/adm/ai_peacock/84_adm_191.PNG;ai_peacock
../../subset_evaluation/adm/ai_peacock/84_adm_2.PNG;ai_peacock
../../subset_evaluation/adm/ai_peacock/84_adm_20.PNG;ai_peacock
../../subset_evaluation/adm/ai_peacock/84_adm_21.PNG;ai_peacock
../../subset_evaluation/adm/ai_peacock/84_adm_22.PNG;ai_peacock
../../subset_evaluation/adm/ai_peacock/84_adm_23.PNG;ai_peacock
../../subset_evaluation/adm/ai_peacock/84_adm_24.PNG;ai_peacock
../../subset_evaluation/adm/ai_peacock/84_adm_25.PNG;ai_peacock
../../subset_evaluation/adm/ai_peacock/84_adm_28.PNG;ai_peacock
../../subset_evaluation/adm/ai_peacock/84_adm_29.PNG;ai_peacock
../../subset_evaluation/adm/ai_peacock/84_adm_3.PNG;ai_peacock
../../subset_evaluation/adm/ai_peacock/84_adm_30.PNG;ai_peacock
../../subset_evaluation/adm/ai_peacock/84_adm_31.PNG;ai_peacock
../../subset_evaluation/adm/ai_peacock/84_adm_32.PNG;ai_peacock
../../subset_evaluation/adm/ai_peacock/84_adm_33.PNG;ai_peacock
../../subset_evaluation/adm/ai_peacock/84_adm_34.PNG;ai_peacock
../../subset_evaluation/adm/ai_peacock/84_adm_35.PNG;ai_peacock
../../subset_evaluation/adm/ai_peacock/84_adm_36.PNG;ai_peacock
../../subset_evaluation/adm/ai_peacock/84_adm_39.PNG;ai_peacock
../../subset_evaluation/adm/ai_peacock/84_adm_4.PNG;ai_peacock
../../subset_evaluation/adm/ai_peacock/84_adm_40.PNG;ai_peacock
../../subset_evaluation/adm/ai_peacock/84_adm_41.PNG;ai_peacock
../../subset_evaluation/adm/ai_peacock/84_adm_42.PNG;ai_peacock
../../subset_evaluation/adm/ai_peacock/84_adm_43.PNG;ai_peacock
../../subset_evaluation/adm/ai_peacock/84_adm_44.PNG;ai_peacock
../../subset_evaluation/adm/ai_peacock/84_adm_45.PNG;ai_peacock
../../subset_evaluation/adm/ai_peacock/84_adm_47.PNG;ai_peacock
../../subset_evaluation/adm/ai_peacock/84_adm_48.PNG;ai_peacock
../../subset_evaluation/adm/ai_peacock/84_adm_49.PNG;ai_peacock
../../subset_evaluation/adm/ai_peacock/84_adm_5.PNG;ai_peacock
../../subset_evaluation/adm/ai_peacock/84_adm_50.PNG;ai_peacock
../../subset_evaluation/adm/ai_peacock/84_adm_51.PNG;ai_peacock
../../subset_evaluation/adm/ai_peacock/84_adm_53.PNG;ai_peacock
../../subset_evaluation/adm/ai_peacock/84_adm_55.PNG;ai_peacock
../../subset_evaluation/adm/ai_peacock/84_adm_56.PNG;ai_peacock
../../subset_evaluation/adm/ai_peacock/84_adm_57.PNG;ai_peacock
../../subset_evaluation/adm/ai_peacock/84_adm_59.PNG;ai_peacock
../../subset_evaluation/adm/ai_peacock/84_adm_6.PNG;ai_peacock
../../subset_evaluation/adm/ai_peacock/84_adm_60.PNG;ai_peacock
../../subset_evaluation/adm/ai_peacock/84_adm_61.PNG;ai_peacock
../../subset_evaluation/adm/ai_peacock/84_adm_62.PNG;ai_peacock
../../subset_evaluation/adm/ai_peacock/84_adm_63.PNG;ai_peacock
../../subset_evaluation/adm/ai_peacock/84_adm_64.PNG;ai_peacock
../../subset_evaluation/adm/ai_peacock/84_adm_66.PNG;ai_peacock
../../subset_evaluation/adm/ai_peacock/84_adm_68.PNG;ai_peacock
../../subset_evaluation/adm/ai_peacock/84_adm_69.PNG;ai_peacock
../../subset_evaluation/adm/ai_peacock/84_adm_7.PNG;ai_peacock
../../subset_evaluation/adm/ai_peacock/84_adm_70.PNG;ai_peacock
../../subset_evaluation/adm/ai_peacock/84_adm_71.PNG;ai_peacock
../../subset_evaluation/adm/ai_peacock/84_adm_72.PNG;ai_peacock
../../subset_evaluation/adm/ai_peacock/84_adm_73.PNG;ai_peacock
../../subset_evaluation/adm/ai_peacock/84_adm_74.PNG;ai_peacock
../../subset_evaluation/adm/ai_peacock/84_adm_75.PNG;ai_peacock
../../subset_evaluation/adm/ai_peacock/84_adm_76.PNG;ai_peacock
../../subset_evaluation/adm/ai_peacock/84_adm_77.PNG;ai_peacock
../../subset_evaluation/adm/ai_peacock/84_adm_78.PNG;ai_peacock
../../subset_evaluation/adm/ai_peacock/84_adm_79.PNG;ai_peacock
../../subset_evaluation/adm/ai_peacock/84_adm_8.PNG;ai_peacock
../../subset_evaluation/adm/ai_peacock/84_adm_80.PNG;ai_peacock
../../subset_evaluation/adm/ai_peacock/84_adm_82.PNG;ai_peacock
../../subset_evaluation/adm/ai_peacock/84_adm_83.PNG;ai_peacock
../../subset_evaluation/adm/ai_peacock/84_adm_84.PNG;ai_peacock
../../subset_evaluation/adm/ai_peacock/84_adm_85.PNG;ai_peacock
../../subset_evaluation/adm/ai_peacock/84_adm_86.PNG;ai_peacock
../../subset_evaluation/adm/ai_peacock/84_adm_87.PNG;ai_peacock
../../subset_evaluation/adm/ai_peacock/84_adm_88.PNG;ai_peacock
../../subset_evaluation/adm/ai_peacock/84_adm_89.PNG;ai_peacock
../../subset_evaluation/adm/ai_peacock/84_adm_9.PNG;ai_peacock
../../subset_evaluation/adm/ai_peacock/84_adm_90.PNG;ai_peacock
../../subset_evaluation/adm/ai_peacock/84_adm_91.PNG;ai_peacock
../../subset_evaluation/adm/ai_peacock/84_adm_92.PNG;ai_peacock
../../subset_evaluation/adm/ai_peacock/84_adm_93.PNG;ai_peacock
../../subset_evaluation/adm/ai_peacock/84_adm_95.PNG;ai_peacock
../../subset_evaluation/adm/ai_peacock/84_adm_98.PNG;ai_peacock
../../subset_evaluation/adm/ai_peacock/84_adm_99.PNG;ai_peacock
image_paths;group
../../subset_evaluation/adm/nature_peacock/n01806143_10005.JPEG;nature_peacock
../../subset_evaluation/adm/nature_peacock/n01806143_10120.JPEG;nature_peacock
../../subset_evaluation/adm/nature_peacock/n01806143_10265.JPEG;nature_peacock
../../subset_evaluation/adm/nature_peacock/n01806143_10410.JPEG;nature_peacock
../../subset_evaluation/adm/nature_peacock/n01806143_10470.JPEG;nature_peacock
../../subset_evaluation/adm/nature_peacock/n01806143_10485.JPEG;nature_peacock
../../subset_evaluation/adm/nature_peacock/n01806143_10515.JPEG;nature_peacock
../../subset_evaluation/adm/nature_peacock/n01806143_10577.JPEG;nature_peacock
../../subset_evaluation/adm/nature_peacock/n01806143_1064.JPEG;nature_peacock
../../subset_evaluation/adm/nature_peacock/n01806143_10905.JPEG;nature_peacock
../../subset_evaluation/adm/nature_peacock/n01806143_11142.JPEG;nature_peacock
../../subset_evaluation/adm/nature_peacock/n01806143_11348.JPEG;nature_peacock
../../subset_evaluation/adm/nature_peacock/n01806143_11416.JPEG;nature_peacock
../../subset_evaluation/adm/nature_peacock/n01806143_11561.JPEG;nature_peacock
../../subset_evaluation/adm/nature_peacock/n01806143_11593.JPEG;nature_peacock
../../subset_evaluation/adm/nature_peacock/n01806143_11752.JPEG;nature_peacock
../../subset_evaluation/adm/nature_peacock/n01806143_11809.JPEG;nature_peacock
../../subset_evaluation/adm/nature_peacock/n01806143_12036.JPEG;nature_peacock
../../subset_evaluation/adm/nature_peacock/n01806143_12075.JPEG;nature_peacock
../../subset_evaluation/adm/nature_peacock/n01806143_12122.JPEG;nature_peacock
../../subset_evaluation/adm/nature_peacock/n01806143_12266.JPEG;nature_peacock
../../subset_evaluation/adm/nature_peacock/n01806143_12351.JPEG;nature_peacock
../../subset_evaluation/adm/nature_peacock/n01806143_12408.JPEG;nature_peacock
../../subset_evaluation/adm/nature_peacock/n01806143_12539.JPEG;nature_peacock
../../subset_evaluation/adm/nature_peacock/n01806143_12567.JPEG;nature_peacock
../../subset_evaluation/adm/nature_peacock/n01806143_1257.JPEG;nature_peacock
../../subset_evaluation/adm/nature_peacock/n01806143_12590.JPEG;nature_peacock
../../subset_evaluation/adm/nature_peacock/n01806143_12688.JPEG;nature_peacock
../../subset_evaluation/adm/nature_peacock/n01806143_12806.JPEG;nature_peacock
../../subset_evaluation/adm/nature_peacock/n01806143_1287.JPEG;nature_peacock
../../subset_evaluation/adm/nature_peacock/n01806143_12876.JPEG;nature_peacock
../../subset_evaluation/adm/nature_peacock/n01806143_13269.JPEG;nature_peacock
../../subset_evaluation/adm/nature_peacock/n01806143_13328.JPEG;nature_peacock
../../subset_evaluation/adm/nature_peacock/n01806143_13437.JPEG;nature_peacock
../../subset_evaluation/adm/nature_peacock/n01806143_13727.JPEG;nature_peacock
../../subset_evaluation/adm/nature_peacock/n01806143_13820.JPEG;nature_peacock
../../subset_evaluation/adm/nature_peacock/n01806143_13827.JPEG;nature_peacock
../../subset_evaluation/adm/nature_peacock/n01806143_13857.JPEG;nature_peacock
../../subset_evaluation/adm/nature_peacock/n01806143_13949.JPEG;nature_peacock
../../subset_evaluation/adm/nature_peacock/n01806143_14094.JPEG;nature_peacock
../../subset_evaluation/adm/nature_peacock/n01806143_14139.JPEG;nature_peacock
../../subset_evaluation/adm/nature_peacock/n01806143_14255.JPEG;nature_peacock
../../subset_evaluation/adm/nature_peacock/n01806143_14378.JPEG;nature_peacock
../../subset_evaluation/adm/nature_peacock/n01806143_15.JPEG;nature_peacock
../../subset_evaluation/adm/nature_peacock/n01806143_1606.JPEG;nature_peacock
../../subset_evaluation/adm/nature_peacock/n01806143_1716.JPEG;nature_peacock
../../subset_evaluation/adm/nature_peacock/n01806143_1729.JPEG;nature_peacock
../../subset_evaluation/adm/nature_peacock/n01806143_1927.JPEG;nature_peacock
../../subset_evaluation/adm/nature_peacock/n01806143_2066.JPEG;nature_peacock
../../subset_evaluation/adm/nature_peacock/n01806143_2072.JPEG;nature_peacock
../../subset_evaluation/adm/nature_peacock/n01806143_2096.JPEG;nature_peacock
../../subset_evaluation/adm/nature_peacock/n01806143_2167.JPEG;nature_peacock
../../subset_evaluation/adm/nature_peacock/n01806143_2170.JPEG;nature_peacock
../../subset_evaluation/adm/nature_peacock/n01806143_2173.JPEG;nature_peacock
../../subset_evaluation/adm/nature_peacock/n01806143_2181.JPEG;nature_peacock
../../subset_evaluation/adm/nature_peacock/n01806143_24322.JPEG;nature_peacock
../../subset_evaluation/adm/nature_peacock/n01806143_2504.JPEG;nature_peacock
../../subset_evaluation/adm/nature_peacock/n01806143_2520.JPEG;nature_peacock
../../subset_evaluation/adm/nature_peacock/n01806143_2531.JPEG;nature_peacock
../../subset_evaluation/adm/nature_peacock/n01806143_2544.JPEG;nature_peacock
../../subset_evaluation/adm/nature_peacock/n01806143_269.JPEG;nature_peacock
../../subset_evaluation/adm/nature_peacock/n01806143_2691.JPEG;nature_peacock
../../subset_evaluation/adm/nature_peacock/n01806143_2697.JPEG;nature_peacock
../../subset_evaluation/adm/nature_peacock/n01806143_2714.JPEG;nature_peacock
../../subset_evaluation/adm/nature_peacock/n01806143_2726.JPEG;nature_peacock
../../subset_evaluation/adm/nature_peacock/n01806143_2844.JPEG;nature_peacock
../../subset_evaluation/adm/nature_peacock/n01806143_2845.JPEG;nature_peacock
../../subset_evaluation/adm/nature_peacock/n01806143_2913.JPEG;nature_peacock
../../subset_evaluation/adm/nature_peacock/n01806143_3195.JPEG;nature_peacock
../../subset_evaluation/adm/nature_peacock/n01806143_3255.JPEG;nature_peacock
../../subset_evaluation/adm/nature_peacock/n01806143_32787.JPEG;nature_peacock
../../subset_evaluation/adm/nature_peacock/n01806143_3309.JPEG;nature_peacock
../../subset_evaluation/adm/nature_peacock/n01806143_3354.JPEG;nature_peacock
../../subset_evaluation/adm/nature_peacock/n01806143_3396.JPEG;nature_peacock
../../subset_evaluation/adm/nature_peacock/n01806143_340.JPEG;nature_peacock
../../subset_evaluation/adm/nature_peacock/n01806143_3405.JPEG;nature_peacock
../../subset_evaluation/adm/nature_peacock/n01806143_3433.JPEG;nature_peacock
../../subset_evaluation/adm/nature_peacock/n01806143_3447.JPEG;nature_peacock
../../subset_evaluation/adm/nature_peacock/n01806143_346.JPEG;nature_peacock
../../subset_evaluation/adm/nature_peacock/n01806143_3506.JPEG;nature_peacock
../../subset_evaluation/adm/nature_peacock/n01806143_3522.JPEG;nature_peacock
../../subset_evaluation/adm/nature_peacock/n01806143_35792.JPEG;nature_peacock
../../subset_evaluation/adm/nature_peacock/n01806143_3605.JPEG;nature_peacock
../../subset_evaluation/adm/nature_peacock/n01806143_3667.JPEG;nature_peacock
../../subset_evaluation/adm/nature_peacock/n01806143_3718.JPEG;nature_peacock
../../subset_evaluation/adm/nature_peacock/n01806143_3727.JPEG;nature_peacock
../../subset_evaluation/adm/nature_peacock/n01806143_3728.JPEG;nature_peacock
../../subset_evaluation/adm/nature_peacock/n01806143_3745.JPEG;nature_peacock
../../subset_evaluation/adm/nature_peacock/n01806143_3751.JPEG;nature_peacock
../../subset_evaluation/adm/nature_peacock/n01806143_3864.JPEG;nature_peacock
../../subset_evaluation/adm/nature_peacock/n01806143_3913.JPEG;nature_peacock
../../subset_evaluation/adm/nature_peacock/n01806143_3951.JPEG;nature_peacock
../../subset_evaluation/adm/nature_peacock/n01806143_398.JPEG;nature_peacock
../../subset_evaluation/adm/nature_peacock/n01806143_4.JPEG;nature_peacock
../../subset_evaluation/adm/nature_peacock/n01806143_4003.JPEG;nature_peacock
../../subset_evaluation/adm/nature_peacock/n01806143_4015.JPEG;nature_peacock
../../subset_evaluation/adm/nature_peacock/n01806143_4219.JPEG;nature_peacock
../../subset_evaluation/adm/nature_peacock/n01806143_4238.JPEG;nature_peacock
../../subset_evaluation/adm/nature_peacock/n01806143_4253.JPEG;nature_peacock
../../subset_evaluation/adm/nature_peacock/n01806143_4289.JPEG;nature_peacock
../../subset_evaluation/adm/nature_peacock/n01806143_4346.JPEG;nature_peacock
../../subset_evaluation/adm/nature_peacock/n01806143_4525.JPEG;nature_peacock
../../subset_evaluation/adm/nature_peacock/n01806143_4569.JPEG;nature_peacock
../../subset_evaluation/adm/nature_peacock/n01806143_4602.JPEG;nature_peacock
../../subset_evaluation/adm/nature_peacock/n01806143_4886.JPEG;nature_peacock
../../subset_evaluation/adm/nature_peacock/n01806143_5107.JPEG;nature_peacock
../../subset_evaluation/adm/nature_peacock/n01806143_5114.JPEG;nature_peacock
../../subset_evaluation/adm/nature_peacock/n01806143_5254.JPEG;nature_peacock
../../subset_evaluation/adm/nature_peacock/n01806143_5259.JPEG;nature_peacock
../../subset_evaluation/adm/nature_peacock/n01806143_5270.JPEG;nature_peacock
../../subset_evaluation/adm/nature_peacock/n01806143_5342.JPEG;nature_peacock
../../subset_evaluation/adm/nature_peacock/n01806143_5418.JPEG;nature_peacock
../../subset_evaluation/adm/nature_peacock/n01806143_5515.JPEG;nature_peacock
../../subset_evaluation/adm/nature_peacock/n01806143_552.JPEG;nature_peacock
../../subset_evaluation/adm/nature_peacock/n01806143_5627.JPEG;nature_peacock
../../subset_evaluation/adm/nature_peacock/n01806143_5714.JPEG;nature_peacock
../../subset_evaluation/adm/nature_peacock/n01806143_5728.JPEG;nature_peacock
../../subset_evaluation/adm/nature_peacock/n01806143_582.JPEG;nature_peacock
../../subset_evaluation/adm/nature_peacock/n01806143_58262.JPEG;nature_peacock
../../subset_evaluation/adm/nature_peacock/n01806143_58638.JPEG;nature_peacock
../../subset_evaluation/adm/nature_peacock/n01806143_5882.JPEG;nature_peacock
../../subset_evaluation/adm/nature_peacock/n01806143_5905.JPEG;nature_peacock
../../subset_evaluation/adm/nature_peacock/n01806143_5983.JPEG;nature_peacock
../../subset_evaluation/adm/nature_peacock/n01806143_6093.JPEG;nature_peacock
../../subset_evaluation/adm/nature_peacock/n01806143_614.JPEG;nature_peacock
../../subset_evaluation/adm/nature_peacock/n01806143_6178.JPEG;nature_peacock
../../subset_evaluation/adm/nature_peacock/n01806143_6192.JPEG;nature_peacock
../../subset_evaluation/adm/nature_peacock/n01806143_6358.JPEG;nature_peacock
../../subset_evaluation/adm/nature_peacock/n01806143_6370.JPEG;nature_peacock
../../subset_evaluation/adm/nature_peacock/n01806143_6469.JPEG;nature_peacock
../../subset_evaluation/adm/nature_peacock/n01806143_660.JPEG;nature_peacock
../../subset_evaluation/adm/nature_peacock/n01806143_6630.JPEG;nature_peacock
../../subset_evaluation/adm/nature_peacock/n01806143_6644.JPEG;nature_peacock
../../subset_evaluation/adm/nature_peacock/n01806143_6649.JPEG;nature_peacock
../../subset_evaluation/adm/nature_peacock/n01806143_6723.JPEG;nature_peacock
../../subset_evaluation/adm/nature_peacock/n01806143_6812.JPEG;nature_peacock
../../subset_evaluation/adm/nature_peacock/n01806143_6893.JPEG;nature_peacock
../../subset_evaluation/adm/nature_peacock/n01806143_7034.JPEG;nature_peacock
../../subset_evaluation/adm/nature_peacock/n01806143_708.JPEG;nature_peacock
../../subset_evaluation/adm/nature_peacock/n01806143_7251.JPEG;nature_peacock
../../subset_evaluation/adm/nature_peacock/n01806143_7344.JPEG;nature_peacock
../../subset_evaluation/adm/nature_peacock/n01806143_7891.JPEG;nature_peacock
../../subset_evaluation/adm/nature_peacock/n01806143_7969.JPEG;nature_peacock
../../subset_evaluation/adm/nature_peacock/n01806143_8223.JPEG;nature_peacock
../../subset_evaluation/adm/nature_peacock/n01806143_827.JPEG;nature_peacock
../../subset_evaluation/adm/nature_peacock/n01806143_8313.JPEG;nature_peacock
../../subset_evaluation/adm/nature_peacock/n01806143_8700.JPEG;nature_peacock
../../subset_evaluation/adm/nature_peacock/n01806143_872.JPEG;nature_peacock
../../subset_evaluation/adm/nature_peacock/n01806143_8740.JPEG;nature_peacock
../../subset_evaluation/adm/nature_peacock/n01806143_8845.JPEG;nature_peacock
../../subset_evaluation/adm/nature_peacock/n01806143_8874.JPEG;nature_peacock
../../subset_evaluation/adm/nature_peacock/n01806143_9020.JPEG;nature_peacock
../../subset_evaluation/adm/nature_peacock/n01806143_9045.JPEG;nature_peacock
../../subset_evaluation/adm/nature_peacock/n01806143_9060.JPEG;nature_peacock
../../subset_evaluation/adm/nature_peacock/n01806143_9109.JPEG;nature_peacock
../../subset_evaluation/adm/nature_peacock/n01806143_9340.JPEG;nature_peacock
../../subset_evaluation/adm/nature_peacock/n01806143_9351.JPEG;nature_peacock
../../subset_evaluation/adm/nature_peacock/n01806143_9438.JPEG;nature_peacock
../../subset_evaluation/adm/nature_peacock/n01806143_9655.JPEG;nature_peacock
../../subset_evaluation/adm/nature_peacock/n01806143_9809.JPEG;nature_peacock
../../subset_evaluation/adm/nature_peacock/n01806143_992.JPEG;nature_peacock
../../subset_evaluation/adm/nature_peacock/n01806143_9958.JPEG;nature_peacock
